<?xml version="1.0"?>
  <describe>
    <FileVersion>1.0</FileVersion>
    <brick name="TWIDO1">
      <base ref="TWDLCAE40DRF" label="My Twido" OnlineConf="4">
      </base>
      <leftModuleList>
      </leftModuleList>
      <expansionList>
      </expansionList>
      <optionList>
      </optionList>
      <portList>
        <port nmbr="1" OnlineConf="4">
          <address>1</address>
          <protocol>LDISTANTE</protocol>
          <IsModBusMaster>0</IsModBusMaster>
        </port>
        <port nmbr="2" OnlineConf="4">
          <address>1</address>
          <protocol>ETHERNET</protocol>
          <IsModBusMaster>0</IsModBusMaster>
        </port>
      </portList>
    </brick>
    <networkElementList>
    </networkElementList>
    <networkList>
    </networkList>
    <postItList>
    </postItList>
  </describe>


